pressure,temperature,humidity,P1,P2
1.0,-0.5490584285915046,0.14584096639005958,-0.013590125293653716,-0.011843439388934979
