pressure,temperature,humidity,P1,P2
-0.5490584285915046,1.0,-0.5047419559843607,-0.010329171483325862,-0.019618899331912677
