pressure,temperature,humidity,P1,P2
-0.013590125293653716,-0.010329171483325862,0.09064557933927937,1.0,0.9226479846641606
