pressure,temperature,humidity,P1,P2
0.14584096639005958,-0.5047419559843607,1.0,0.09064557933927937,0.11572196411973415
