pressure,temperature,humidity,P1,P2
-0.011843439388934979,-0.019618899331912677,0.11572196411973415,0.9226479846641606,1.0
